feature,corr,abs_corr
growth_future_30d,0.6865823875033381,0.6865823875033381
growth_brent_oil_365d,-0.05888009212591823,0.05888009212591823
cpi_core_mom,-0.0481159279183678,0.0481159279183678
growth_wti_oil_365d,-0.04006773999953406,0.04006773999953406
dm,-0.037615331439105906,0.037615331439105906
growth_btc_usd_365d,0.0375421715849874,0.0375421715849874
growth_epi_365d,-0.03698875985063663,0.03698875985063663
cpi_core_yoy,-0.03648936158727467,0.03648936158727467
DGS10,-0.03626946653144711,0.03626946653144711
atr,-0.035457209178275155,0.035457209178275155
growth_gold_365d,-0.03517789130658521,0.03517789130658521
Close_x,-0.0351052033309178,0.0351052033309178
High,-0.03508780269491582,0.03508780269491582
wclprice,-0.03508448896426915,0.03508448896426915
typprice,-0.035077466403443426,0.035077466403443426
avgprice,-0.03507259974223244,0.03507259974223244
medprice,-0.035063244908049705,0.035063244908049705
Open,-0.03505656349909311,0.03505656349909311
Low,-0.035036944056781594,0.035036944056781594
SMA10,-0.034788111397806354,0.034788111397806354
SMA20,-0.034534035144426864,0.034534035144426864
DGS5,-0.03416643429295098,0.03416643429295098
growth_dji_365d,-0.0331071212288382,0.0331071212288382
Month_November,0.03209249915026353,0.03209249915026353
growth_gold_30d,-0.030759602980505184,0.030759602980505184
growth_dax_365d,-0.03064293346204286,0.03064293346204286
growth_btc_usd_90d,0.030602870505066493,0.030602870505066493
growth_btc_usd_7d,0.03050670194929841,0.03050670194929841
Month_August,-0.030320994252353583,0.030320994252353583
Month_October,0.030169302735340624,0.030169302735340624
growth_snp500_365d,-0.02930305363556174,0.02930305363556174
growth_dji_30d,-0.02899564019540568,0.02899564019540568
minus_di,-0.02855276618202454,0.02855276618202454
Close_y,0.02852497952770653,0.02852497952770653
growth_btc_usd_3d,0.028408706116378805,0.028408706116378805
growth_wti_oil_90d,-0.02803817296459631,0.02803817296459631
growth_brent_oil_90d,-0.02799599321349246,0.02799599321349246
Month_January,-0.02767654644053459,0.02767654644053459
growth_gold_7d,-0.025126615193876434,0.025126615193876434
growth_dji_90d,-0.024342507694558185,0.024342507694558185
growth_snp500_30d,-0.024190064085985355,0.024190064085985355
Month_February,-0.02391316300832798,0.02391316300832798
index_x,-0.023126025349872837,0.023126025349872837
index,-0.023126025349872837,0.023126025349872837
index_y,-0.023126025349872837,0.023126025349872837
ticker_type_US,0.022271837242620687,0.022271837242620687
gdppot_us_yoy,-0.02200978274209965,0.02200978274209965
growth_epi_90d,0.02183416480953231,0.02183416480953231
DGS1,-0.02148312537096155,0.02148312537096155
month_wom_October_w4,0.021180339506312665,0.021180339506312665
Month_July,-0.02115847880336376,0.02115847880336376
month_wom_November_w3,0.020993198890528336,0.020993198890528336
ticker_type_INDIA,-0.020957074760064736,0.020957074760064736
macd,-0.019394615540524893,0.019394615540524893
macd_fix,-0.019385535895122135,0.019385535895122135
Month_March,0.01933823877512851,0.01933823877512851
month_wom_August_w3,-0.019090983149496137,0.019090983149496137
month_wom_August_w4,-0.01885730294992256,0.01885730294992256
FEDFUNDS,-0.01884334230012015,0.01884334230012015
macdsignal,-0.018795367603908403,0.018795367603908403
macdsignal_fix,-0.01877123347326038,0.01877123347326038
growth_btc_usd_30d,0.018244380794322192,0.018244380794322192
Ticker_V,0.018070034131233537,0.018070034131233537
Ticker_AVGO,0.01721792658137103,0.01721792658137103
Ticker_LICI.NS,-0.017046219708059144,0.017046219708059144
gdppot_us_qoq,-0.016859391488268864,0.016859391488268864
apo,-0.016607264752610425,0.016607264752610425
macdsignal_ext,-0.01657650717284538,0.01657650717284538
macd_ext,-0.016536222538327604,0.016536222538327604
month_wom_November_w2,0.01628884839161461,0.01628884839161461
month_wom_February_w1,-0.01616356679376939,0.01616356679376939
aroon_2,-0.01613279278010262,0.01613279278010262
growth_dji_7d,-0.015892177094854947,0.015892177094854947
growth_dax_30d,-0.01579166399010092,0.01579166399010092
growth_dax_7d,-0.015665623291231324,0.015665623291231324
ad,0.015623743676380631,0.015623743676380631
obv,0.015460698688240102,0.015460698688240102
willr,-0.015330181531015211,0.015330181531015211
month_wom_February_w2,-0.015230650944046116,0.015230650944046116
growth_btc_usd_1d,0.015182264830604992,0.015182264830604992
growth_3d,-0.015141646321224098,0.015141646321224098
cci,-0.014979842164661314,0.014979842164661314
growth_snp500_90d,-0.014922754827705807,0.014922754827705807
growth_7d,-0.014777506161916464,0.014777506161916464
month_wom_January_w5,-0.014620067506719356,0.014620067506719356
month_wom_November_w4,0.014544482747280823,0.014544482747280823
growth_365d,-0.01451185684140018,0.01451185684140018
month_wom_October_w3,0.014217695003530546,0.014217695003530546
month_wom_January_w2,-0.014078261350917162,0.014078261350917162
month_wom_February_w3,-0.014028488798885363,0.014028488798885363
growth_snp500_7d,-0.01398033774241643,0.01398033774241643
growth_wti_oil_7d,-0.013785175069704522,0.013785175069704522
month_wom_August_w2,-0.013736558666753674,0.013736558666753674
month_wom_March_w4,0.01367464140804959,0.01367464140804959
growth_gold_3d,-0.013460032166754687,0.013460032166754687
rocr100,-0.013384618784907062,0.013384618784907062
roc,-0.013384618784907059,0.013384618784907059
rocp,-0.013384618784907048,0.013384618784907048
rocr,-0.013384618784907048,0.013384618784907048
month_wom_March_w2,0.013322540314937358,0.013322540314937358
plus_di,-0.013263093659777014,0.013263093659777014
growth_wti_oil_3d,-0.013252799519818862,0.013252799519818862
month_wom_September_w1,-0.013211765832241387,0.013211765832241387
ht_dcphase,-0.012965276946118867,0.012965276946118867
month_wom_September_w2,-0.012915280345069904,0.012915280345069904
month_wom_January_w3,-0.012910474858964602,0.012910474858964602
month_wom_September_w4,0.012822078101159954,0.012822078101159954
month_wom_July_w4,-0.012650538759051805,0.012650538759051805
Month_June,0.01257213491272465,0.01257213491272465
month_wom_January_w4,-0.012399278280696034,0.012399278280696034
month_wom_October_w1,0.012348687596197743,0.012348687596197743
mom,-0.012223799185757488,0.012223799185757488
fastd,-0.012126492021301052,0.012126492021301052
slowk,-0.012105623098262457,0.012105623098262457
month_wom_July_w3,-0.011953216506393957,0.011953216506393957
fastk,-0.011931960428978143,0.011931960428978143
month_wom_March_w3,0.01192089882055228,0.01192089882055228
month_wom_September_w5,0.011430874385985225,0.011430874385985225
growth_epi_7d,0.011417802509206291,0.011417802509206291
Ticker_IBN,-0.011124736683983819,0.011124736683983819
Ticker_NVO,0.01106621037209407,0.01106621037209407
aroonosc,-0.011003830455386235,0.011003830455386235
growth_30d,-0.01098699698919733,0.01098699698919733
growth_1d,-0.01084294665730126,0.01084294665730126
Ticker_SBIN.NS,-0.010808758484461563,0.010808758484461563
growth_wti_oil_30d,-0.010675325566946324,0.010675325566946324
growth_dax_3d,-0.010559110927236987,0.010559110927236987
slowd,-0.010401269507832715,0.010401269507832715
Ticker_MSFT,0.01032860848121622,0.01032860848121622
growth_snp500_3d,-0.010300570751261248,0.010300570751261248
month_wom_October_w5,0.010276646077288008,0.010276646077288008
growth_wti_oil_1d,-0.010192846124978623,0.010192846124978623
month_wom_August_w5,-0.009948118583851516,0.009948118583851516
month_wom_September_w3,-0.009902373130907149,0.009902373130907149
Ticker_MC.PA,-0.009731907772578532,0.009731907772578532
Ticker_ACN,0.00958629111982782,0.00958629111982782
Ticker_INFY,-0.009544050136410291,0.009544050136410291
fastd_rsi,-0.009438633284372628,0.009438633284372628
growth_dji_3d,-0.00912675789745716,0.00912675789745716
rsi,-0.008707079395869963,0.008707079395869963
cmo,-0.00870707939586996,0.00870707939586996
Month_April,0.008691917156838603,0.008691917156838603
growing_moving_average,-0.00869191032962333,0.00869191032962333
month_wom_July_w5,-0.008604841470213237,0.008604841470213237
ht_phasor_inphase,-0.008476249110548006,0.008476249110548006
growth_gold_1d,-0.008438238623981171,0.008438238623981171
Month_September,-0.008330893262739171,0.008330893262739171
Ticker_META,0.008252298483648167,0.008252298483648167
Ticker_AMZN,0.008242573782548591,0.008242573782548591
ht_sine_leadsine,0.008240200003387843,0.008240200003387843
month_wom_November_w1,0.008199812116955044,0.008199812116955044
month_wom_November_w5,0.007944127545205067,0.007944127545205067
adosc,0.007943696989497121,0.007943696989497121
month_wom_June_w2,0.007809262239162013,0.007809262239162013
growth_gold_90d,-0.007742693709562628,0.007742693709562628
fastk_rsi,-0.007602090049941643,0.007602090049941643
Ticker_NVDA,0.007503313770001285,0.007503313770001285
month_wom_July_w2,-0.0074496152035032044,0.0074496152035032044
natr,-0.007423741628787164,0.007423741628787164
ppo,-0.007423591558059658,0.007423591558059658
cdlclosingmarubozu,-0.007403750068658033,0.007403750068658033
adxr,0.007370788583162393,0.007370788583162393
month_wom_May_w4,0.007305160350006388,0.007305160350006388
growth_epi_1d,0.0072760421504850376,0.0072760421504850376
Ticker_HINDUNILVR.NS,-0.007265033681149059,0.007265033681149059
growth_epi_3d,0.007222629725369628,0.007222629725369628
month_wom_January_w1,-0.006930233829013156,0.006930233829013156
Ticker_GOOG,0.006870448425394854,0.006870448425394854
month_wom_October_w2,0.0068384185126306955,0.0068384185126306955
Ticker_RELIANCE.NS,-0.0067971755588312945,0.0067971755588312945
cdlhangingman,0.006741375237228162,0.006741375237228162
month_wom_December_w5,-0.006695127568220632,0.006695127568220632
high_minus_low_relative,-0.006466896315073784,0.006466896315073784
Ticker_OR.PA,-0.006430891864383029,0.006430891864383029
month_wom_June_w1,0.006369608976506415,0.006369608976506415
adx,0.006327878730793292,0.006327878730793292
month_wom_April_w4,0.006261216419974202,0.006261216419974202
month_wom_April_w3,0.006132527613501676,0.006132527613501676
Month_May,0.006071377024208478,0.006071377024208478
bop,-0.005926640608579339,0.005926640608579339
macdhist_fix,-0.005820906985906582,0.005820906985906582
macdhist,-0.005785706564135688,0.005785706564135688
cdlidentical3crows,0.005690620891097294,0.005690620891097294
month_wom_December_w3,0.005264772921721196,0.005264772921721196
month_wom_July_w1,-0.004953395936267744,0.004953395936267744
cdldojistar,0.004794311949476395,0.004794311949476395
Ticker_HDB,-0.004750840934197408,0.004750840934197408
growth_brent_oil_7d,-0.0045868852342504565,0.0045868852342504565
cdlinvertedhammer,0.004542579384770108,0.004542579384770108
cdlhikkakemod,-0.004527713696783371,0.004527713696783371
month_wom_December_w1,0.0045188638583894295,0.0045188638583894295
Ticker_RMS.PA,-0.004501067179591777,0.004501067179591777
Ticker_IDEXY,-0.004490654527539064,0.004490654527539064
growth_90d,-0.0044412526857578296,0.0044412526857578296
Ticker_LT.NS,0.004437949962035825,0.004437949962035825
month_wom_June_w3,0.004434116527717124,0.004434116527717124
month_wom_June_w5,0.004390221897883223,0.004390221897883223
growth_brent_oil_3d,-0.004329002707930549,0.004329002707930549
Ticker_TCS.NS,-0.004182844564417984,0.004182844564417984
growth_dax_1d,-0.004167435263451796,0.004167435263451796
month_wom_June_w4,0.004159561977363425,0.004159561977363425
month_wom_May_w5,0.0041480684845275565,0.0041480684845275565
cdlkicking,-0.00402782291665551,0.00402782291665551
Ticker_LLY,-0.003969571814693752,0.003969571814693752
cdllongline,-0.0039218755571734975,0.0039218755571734975
Ticker_SAP,-0.0037456768313456623,0.0037456768313456623
growth_brent_oil_30d,0.0037444639853622353,0.0037444639853622353
month_wom_May_w3,0.003722920342024347,0.003722920342024347
cdlmatchinglow,-0.003671880340632333,0.003671880340632333
growth_epi_30d,-0.003655464597067782,0.003655464597067782
cdl3inside,-0.003561572798463436,0.003561572798463436
Dividends,-0.003536898126154034,0.003536898126154034
cdl3outside,-0.003469978067839572,0.003469978067839572
cdlspinningtop,-0.0034637251790074954,0.0034637251790074954
month_wom_August_w1,-0.0033879497563650543,0.0033879497563650543
cdl3whitesoldiers,-0.0033440633674270844,0.0033440633674270844
cdl2crows,-0.003251239623853514,0.003251239623853514
Ticker_CDI.PA,0.0030855712904372125,0.0030855712904372125
cdlgapsidesidewhite,-0.0030731025553734346,0.0030731025553734346
aroon_1,0.0030423103918533435,0.0030423103918533435
cdlsticksandwich,-0.003040702153069649,0.003040702153069649
cdldoji,-0.003028923379293534,0.003028923379293534
cdlcounterattack,0.0030099146817210427,0.0030099146817210427
cdlshortline,-0.0029114989578700973,0.0029114989578700973
cdlharami,-0.002702530266949566,0.002702530266949566
cdlabandonedbaby,-0.0026139535168906314,0.0026139535168906314
ht_sine_sine,0.002610790424634105,0.002610790424634105
month_wom_April_w1,0.002591346742930055,0.002591346742930055
ticker_type_EU,-0.002509253846041194,0.002509253846041194
month_wom_December_w4,-0.0025060096802479053,0.0025060096802479053
Month_December,0.002501454462604865,0.002501454462604865
Ticker_TTE,-0.0024325041125773028,0.0024325041125773028
cdleveningdojistar,-0.002420685172436207,0.002420685172436207
cdlonneck,-0.002412427132412294,0.002412427132412294
cdlseparatinglines,-0.0023257219074360037,0.0023257219074360037
Year,0.002292104012274982,0.002292104012274982
month_wom_May_w1,-0.0022383046808519386,0.0022383046808519386
ultosc,-0.0021630264991370405,0.0021630264991370405
month_wom_April_w5,0.0021608650079897873,0.0021608650079897873
cdlladderbottom,-0.0021515072220426182,0.0021515072220426182
cdlunique3river,-0.002141838509384222,0.002141838509384222
cdleveningstar,-0.00212907303804774,0.00212907303804774
Weekday_1,0.002128687354795599,0.002128687354795599
Ticker_ASML,-0.002123402858997367,0.002123402858997367
ht_dcperiod,0.0021005574674621908,0.0021005574674621908
Weekday,-0.002055273712424082,0.002055273712424082
dx,0.002022939540494133,0.002022939540494133
cdldarkcloudcover,-0.002022173769037422,0.002022173769037422
Weekday_5,-0.0020123469853486026,0.0020123469853486026
growth_snp500_1d,-0.001999755858895498,0.001999755858895498
Ticker_BRK-B,0.0019290394655561403,0.0019290394655561403
cdlengulfing,-0.0019152542151055422,0.0019152542151055422
Weekday_3,-0.0019058233602057878,0.0019058233602057878
Ticker_BHARTIARTL.NS,0.0018821131920037902,0.0018821131920037902
month_wom_December_w2,0.001855630753694018,0.001855630753694018
Ticker_AAPL,-0.0018472386554254634,0.0018472386554254634
cdladvancedblock,0.0018387745863582337,0.0018387745863582337
cdlinneck,-0.0018132832976021206,0.0018132832976021206
Weekday_6,-0.0017926344546062886,0.0017926344546062886
macdhist_ext,-0.0017759952818349768,0.0017759952818349768
cdlmorningstar,0.0017471643014497057,0.0017471643014497057
volatility,-0.0017353811730951314,0.0017353811730951314
cdlhomingpigeon,-0.0016966097860967866,0.0016966097860967866
mfi,-0.0016948245712901198,0.0016948245712901198
cdl3starsinsouth,0.0016920519633471898,0.0016920519633471898
cdlmorningdojistar,-0.0016875178533862062,0.0016875178533862062
cdlupsidegap2crows,-0.0016445462251799357,0.0016445462251799357
cdlmarubozu,-0.0015135780070635845,0.0015135780070635845
growth_brent_oil_1d,-0.001412456146821062,0.001412456146821062
ht_phasor_quadrature,-0.0013873927358740844,0.0013873927358740844
month_wom_February_w4,-0.0013742033165793784,0.0013742033165793784
cdltakuru,0.0013463419556422145,0.0013463419556422145
growth_dji_1d,-0.0013326116370590887,0.0013326116370590887
cdlxsidegap3methods,0.0012365687051504209,0.0012365687051504209
cdlshootingstar,0.0011869134004657612,0.0011869134004657612
month_wom_April_w2,0.0011741353986288862,0.0011741353986288862
cdldragonflydoji,0.0011677170547286912,0.0011677170547286912
cdlbreakaway,-0.0011593360981152435,0.0011593360981152435
cdlhighwave,-0.0011342225589347518,0.0011342225589347518
cdl3blackrows,-0.0011202094636389704,0.0011202094636389704
cdlhikkake,0.0011003520274017198,0.0011003520274017198
month_wom_May_w2,0.0009876043514254376,0.0009876043514254376
cdlstalledpattern,0.0009227860441187542,0.0009227860441187542
Weekday_4,-0.0008580727353857421,0.0008580727353857421
Ticker_ITC.NS,-0.000845403353142876,0.000845403353142876
cdltasukigap,-0.0008292483281990282,0.0008292483281990282
ht_trendmod,0.0008150111233534884,0.0008150111233534884
Ticker_SIE.DE,-0.0008061421703878773,0.0008061421703878773
cdlgravestonedoji,-0.0007832103237566454,0.0007832103237566454
cdlrickshawman,-0.0007099809117056126,0.0007099809117056126
cdllongleggeddoji,0.0006861428703392395,0.0006861428703392395
cdlpiercing,0.0006774234670803886,0.0006774234670803886
month_wom_March_w5,0.0006680586240805732,0.0006680586240805732
Weekday_0,0.0006257954873869239,0.0006257954873869239
cdlthrusting,-0.0006160250958072469,0.0006160250958072469
cdltristar,-0.0006077710444915833,0.0006077710444915833
Ticker_JPM,0.0005509492065441245,0.0005509492065441245
trix,0.0005041693734894898,0.0005041693734894898
cdlharamicross,0.00048274932857815046,0.00048274932857815046
cdl3linestrike,-0.0004210152140502868,0.0004210152140502868
Stock Splits,-0.0004116381781666501,0.0004116381781666501
cdlrisefall3methods,0.00031000915626177276,0.00031000915626177276
growth_dax_90d,-0.0002841424996089624,0.0002841424996089624
Volume,-0.0002614702703424344,0.0002614702703424344
cdlbelthold,0.000249656198613912,0.000249656198613912
month_wom_March_w1,-0.0001904835129636848,0.0001904835129636848
month_wom_February_w5,0.00017618655482930175,0.00017618655482930175
cdlhammer,-0.00016722336857516175,0.00016722336857516175
cdlkickingbylength,-0.00016691836420131513,0.00016691836420131513
Weekday_2,7.024624472538518e-05,7.024624472538518e-05
cdlconcealbabyswall,,
cdlmathold,,
