Ticker,min,max,count
AAPL,1980-12-12,2026-09-18,11534
ACN,2001-07-19,2026-09-18,6329
AMZN,1997-05-15,2026-09-18,7382
ASML,1995-03-15,2026-09-18,7931
AVGO,2009-08-06,2026-09-18,4306
BHARTIARTL.NS,2002-07-01,2026-09-18,6016
BRK-B,1996-05-09,2026-09-18,7639
CDI.PA,1992-01-27,2026-09-18,8933
GOOG,2004-08-19,2026-09-18,5556
HDB,2001-07-20,2026-09-18,6328
HINDUNILVR.NS,1996-01-01,2026-09-18,7714
IBN,2000-03-28,2026-09-18,6659
IDEXY,2010-01-20,2026-09-18,4192
INFY,1999-03-11,2026-09-18,6924
ITC.NS,1996-01-01,2026-09-18,7711
JPM,1980-03-17,2026-09-18,11722
LICI.NS,2022-05-17,2026-09-18,1079
LLY,1972-06-01,2026-09-18,13688
LT.NS,2002-07-01,2026-09-18,6019
MC.PA,2000-01-03,2026-09-18,6863
META,2012-05-18,2026-09-18,3604
MSFT,1986-03-13,2026-09-18,10208
NVDA,1999-01-22,2026-09-18,6957
NVO,1981-04-30,2026-09-18,11439
OR.PA,2000-01-03,2026-09-18,6863
RELIANCE.NS,1996-01-01,2026-09-18,7711
RMS.PA,2000-01-03,2026-09-18,6863
SAP,1995-09-18,2026-09-18,7802
SBIN.NS,1996-01-01,2026-09-18,7712
SIE.DE,1996-11-08,2026-09-18,7647
TCS.NS,2002-08-12,2026-09-18,5987
TTE,1991-10-25,2026-09-18,8786
V,2008-03-19,2026-09-18,4655
