max_depth,precision_test,precision_validation
1,0.5700931761300244,0.6014494997986806
2,0.6225340136054421,0.6646581250792846
3,0.5719694313959195,0.6422135936969879
4,0.6291747790924068,0.6532226597140931
5,0.5999732870308535,0.6895212396254957
6,0.6062052505966588,0.7104034896401309
7,0.6210715354684226,0.7057777058990014
8,0.6217853347502657,0.7369120382673399
9,0.6111786148238153,0.7535413304644074
10,0.5912146499768196,0.7801787688905271
11,0.6027542372881356,0.7914659638280469
12,0.5819441183376379,0.807685278260075
13,0.5885493126918457,0.8286897064979767
14,0.5891312893081762,0.8501350774918243
15,0.5787637088733799,0.8754117419104824
16,0.5957723577235773,0.8900062853551226
17,0.599232613908873,0.9046367926823334
18,0.5920069316581826,0.9242850792710031
19,0.5915996425379804,0.9324158269845171
20,0.5910074773711137,0.9463824289405685
